ip,domain_count,avg_length,standard_deviation,similarity,content,domains
49.156.23.20,10,271.0,0.0,1.0,"['Accept-Ranges: bytes', 'Content-Length: 58', 'Content-Type: text/html', 'Date: Wed, 24 Mar 2021 23:23:02 GMT', 'Etag: ""3a-57ef01033e466""', 'Last-Modified: Tue, 08 Jan 2019 10:46:52 GMT', 'Server: Apache/2.4.29']<html>
<head></head>
<body>
<h1>Opss</h1>

</body>
</html>","['xhamster.com' 'xnxx.com' 'spankbang.com' 'www.xvideos.com' 'pornhub.com'
 'bravotube.net' 'xvideos.com' 'youporn.com' 'www.pornhub.com'
 'www.youporn.com']"
209.99.64.71,5,2748.6,0.09005094957644423,0.9999672375210739,"['Connection: Keep-Alive', 'Content-Length: 2276', 'Content-Type: text/html; charset=UTF-8', 'Date: Wed, 24 Mar 2021 23:21:15 GMT', 'Keep-Alive: timeout=5, max=89', 'Server: Apache', 'Set-Cookie: vsid=917vr3641736755315783; expires=Mon, 23-Mar-2026 23:21:15 GMT; Max-Age=157680000; path=/; domain=www.paganpride.org; HttpOnly', 'X-Adblock-Key: MFwwDQYJKoZIhvcNAQEBBQADSwAwSAJBAKX74ixpzVyXbJprcLfbH4psP4+L2entqri0lzh6pkAaXLPIcclv6DQBeJJjGFWrBIF6QMyFwXT5CCRyjS2penECAwEAAQ==_ZcAAomAPjED5V47xTTFcbOdPVAZladVaLj++2U03Nc37ztev/zrP8n/AIdTP/9gzi+MDosNxngQ65L6BqPjzFw==']<!DOCTYPE html>
<html data-adblockkey=""MFwwDQYJKoZIhvcNAQEBBQADSwAwSAJBAKX74ixpzVyXbJprcLfbH4psP4+L2entqri0lzh6pkAaXLPIcclv6DQBeJJjGFWrBIF6QMyFwXT5CCRyjS2penECAwEAAQ==_ZcAAomAPjED5V47xTTFcbOdPVAZladVaLj++2U03Nc37ztev/zrP8n/AIdTP/9gzi+MDosNxngQ65L6BqPjzFw=="">
<head>
<script type=""text/javascript"">var abp;</script><script type=""text/javascript"" src=""http://www.paganpride.org/px.js?ch=1""></script><script type=""text/javascript"" src=""http://www.paganpride.org/px.js?ch=2""></script><script type=""text/javascript"">function handleABPDetect(){try{if(!abp) return;var imglog = document.createElement(""img"");imglog.style.height=""0px"";imglog.style.width=""0px"";imglog.src=""http://www.paganpride.org/sk-logabpstatus.php?a=VXhNYlhJcmROWFJCWlNYdGZUL0xrWHQ2YklBdVVIRlB2djRKaVp5QU90L0lSMEJGTERZY3B6YjgvYTA0SFMzV3EzMFdHdmdrVkF6ZzUyNmE4bGVEMW5ibXI1S3I3VVlWVkJMWnY1NEd2dUU9&b=""+abp;document.body.appendChild(imglog);if(typeof abperurl !== ""undefined"" && abperurl!="""")window.top.location=abperurl;}catch(err){}}</script>
    <meta charset=""utf-8"">
    <style type=""text/css"">
        html, body, #partner, iframe {
            height:100%;
            width:100%;
            margin:0;
            padding:0;
            border:0;
            outline:0;
            font-size:100%;
            vertical-align:baseline;
            background:transparent;
        }
        /*body {
            overflow:hidden;
        }*/
    </style>
    <meta content=""NOW"" name=""expires"">
    <meta content=""index, follow, all"" name=""GOOGLEBOT"">
    <meta content=""index, follow, all"" name=""robots"">
    <!-- Following Meta-Tag fixes scaling-issues on mobile devices -->
    <meta content=""width=device-width; initial-scale=1.0; maximum-scale=1.0; user-scalable=0;"" name=""viewport"">
</head>
<body>


<div id=""partner""></div>
<script type=""text/javascript"">
    document.write(
        '<script type=""text/javascript"" language=""JavaScript""'
        + 'src=""//sedoparking.com/frmpark/'
        + window.location.host + '/'
        + 'skenzor17'
        + '/park.js"">'
        + '<\/script>'
    );
</script>
<script type=""text/javascript"" language=""javascript"">
try{if(typeof handleABPDetect==""function""){handleABPDetect();}}catch(err){}
</script>


</body>
</html>","['www.paganpride.org' 'www.ned.org' 'www.privaterra.org'
 'www.snapchat.com' 'www.persecution.org']"
35.170.15.192,4,6167.75,0.002029911073819288,0.9999996708830491,"['Content-Length: 5938', 'Content-Type: text/html; charset=UTF-8', 'Date: Wed, 24 Mar 2021 23:28:06 GMT', 'Server: nginx', 'Vary: Accept-Encoding', 'X-Cache: Hit', 'X-Frame-Options: DENY', 'X-Server: PR-Suspensions7-43-124']<!DOCTYPE html>
<html xmlns=""http://www.w3.org/1999/xhtml"">
    <head>
        <base href=""/""/>
        <META NAME=""ROBOTS"" CONTENT=""NOINDEX, NOFOLLOW""/>
        <meta http-equiv=""Content-Type"" content=""text/html; charset=utf-8"" />
        <title>Home - domain expired</title>
        <!--<style type=""text/css"" media=""screen"">
        @import url(""_css/reset.css"");
        @import url(""_css/expiration.css"");
        </style>-->
        <link rel=""stylesheet"" href=""_css/reset.css""/>
        <link rel=""stylesheet"" href=""_css/expiration.css""/>
        <link rel=""stylesheet"" type=""text/css"" href=""http://fonts.googleapis.com/css?family=Open+Sans:300,300italic,400,400italic,600,600italic,700,700italic"">
            <link rel=""shortcut icon"" href=""favicon.ico"" type=""image/x-icon"" />
            <script src=""//ajax.googleapis.com/ajax/libs/jquery/1.10.1/jquery.min.js""></script>
            <script type=""text/javascript"" src=""_js/jcarousellite.min.js""></script>
            <script type=""text/javascript"" src=""_js/global.js""></script>
            <!--<script type=""text/javascript"" src=""_js/app.js""></script>-->
            <script>
                var dom_key = '';
                var cur_domain = '';/*
                 < ? if (has_registrar_reseller()) { ? >
                 var reseller = '';
                 < ? } else { ? >
                 var reseller = '';
                 < ? } ? >
                 var register_url = '';
                 */
            </script>
    </head>
    <body>
        <div id=""wrapper"">
            <div id=""header"">
                <div class=""heading"">
                    <a href=""http://www.go.co/register/?src=SuspensionPage&searchurl=t.co""><img class=""logo"" src=""_images/img-co-logo-no-tm.gif"" width=""50"" height=""50"" alt="".CO"" /></a>
                                    </div>

                <!--			<div class=""social-aux"">-->
                <!--			</div>-->
            </div> <!-- header ends -->
            <div id=""main-promo"">
                <div id=""main-promo-inner"">
                    <div id=""featured"">
                        <!--  -->
                        <h1><a href="""">t<span>.co</span></a></h1>
                    </div>

                    
<h3>This Domain is NOT Suspended Anymore</h3>
<p>
    This domain has all already been restored and not Suspended
    anymore.  If you are the registrant of the domain please update
    your nameservers so it resolves to your site. 
</p>
<p>&nbsp;</p>
<h3>Este Dominio Ya NO Esta Suspendido</h3>
<p>
    Este dominio ya fue restaurado y no est&aacute; suspendido.  Si usted es
    el titular por favor actualice los nameservers para que resuelva a
    su p&aacute;gina. 
</p>
</div>
</div> <!-- main-promo ends-->
<div id=""main-content"">
    <div class=""full-page"">

        <div class=""section"" id=""alt-domains-section"">
            <!--            <img src=""_images/img-suggesteddomains.gif"" width=""256"" height=""28"" alt=""Suggested Domains""/>-->
                    <div id=""search-container"" style=""display: block;  margin-left: auto;  margin-right: auto;float:none"">
                <p><strong>Search for your ideal .CO Web Address</strong><br/>Get it now before it's gone!</p>
                <form target=""_blank"" id=""search-form""
                      action=""https://www.go.co"">
                                                  <input type=""hidden"" name=""section"" value=""searchbox""/>
                        <div id=""domain-search-wrap""><input id=""domain-search"" name=""search_url"" type=""text""/>
                            <span id=""domain-search-mask"">.CO</span></div>
                                        <!--<a href=""javascript:void(0);"" id=""search-btn"">Search</a>-->
                    <input type=""submit"" value=""Search"" id=""search-btn""/>
                </form>
            </div>
            <!-- end search-container -->
        </div> <!-- end section -->
    </div><!-- end full page -->

                                        <div class=""homepage_url""><a href=""https://www.go.co""><img
                                    src=""/_images/Dropping_Domains_Landing_Page_en.jpg"" /></a></div>
                                    </div>

            </div> <!-- main-content ends -->
            <div id=""footer"">
                <div class=""share"">
                    &nbsp;
                </div>
                <div class=""footer-aux"">
                    <ul>
                        <li><a href=""https://www.go.co"">www.go.co</a></li>
                        <li class=""last""><a href=""http://www.cointernet.com.co"">www.cointernet.com.co</a></li>
                    </ul>
                    <ul class=""copyright"">
                        <li>Copyright 2021 .CO Internet S.A.S All rights reserved.</li>
                        <li><a href=""http://www.neustar.biz/legal"">Terms</a></li>
                        <li class=""last""><a href=""http://www.neustar.biz/privacy"">Privacy Policy</a></li>
                    </ul>
                </div>
            </div> <!-- footer ends -->

        </div> <!-- wrapper ends -->

        <script type=""text/javascript"">

            var _gaq = _gaq || [];
            _gaq.push(['_setAccount', 'UA-12529737-15']);
            _gaq.push(['_setDomainName', 'none']);
            _gaq.push(['_setAllowLinker', true]);
            _gaq.push(['_trackPageview']);

            (function () {
                var ga = document.createElement('script');
                ga.type = 'text/javascript';
                ga.async = true;
                ga.src = ('https:' == document.location.protocol ? 'https://ssl' : 'http://www') + '.google-analytics.com/ga.js';
                var s = document.getElementsByTagName('script')[0];
                s.parentNode.insertBefore(ga, s);
            })();

        </script>

    </body>
</html>",['t.co' 'convertio.co' 'www.betternet.co' 'tempo.co']
194.177.218.66,4,1639.0,0.0,1.0,"['Accept-Ranges: bytes', 'Cache-Control: max-age=315360000', 'Content-Length: 1480', 'Content-Type: text/html', 'Date: Wed, 24 Mar 2021 23:26:47 GMT', 'Etag: ""568970e0-5c8""', 'Expires: Thu, 31 Dec 2037 23:55:55 GMT', 'Last-Modified: Sun, 03 Jan 2016 19:05:04 GMT', 'Server: nginx']<!DOCTYPE html>
<html lang=""en"">
  <head>
    <meta charset=""utf-8"">
    <title> Oops! (200) page by espiv.net</title>
    <meta name=""description"" content="""">
    <meta name=""author"" content="""">

    <link href=""custom.css"" rel=""stylesheet"">

    <style type=""text/css"">
      body {
        padding-top: 20px;
        padding-bottom: 40px;
      }
    </style>

<link rel=""icon"" 
      type=""image/ico"" 
      href=""/favicon.ico"" />

    <!-- HTML5 shim, for IE6-8 support of HTML5 elements -->
    <!--[if lt IE 9]>
      <script src=""http://html5shim.googlecode.com/svn/trunk/html5.js""></script>
    <![endif]-->
  </head>

  <body>
    <div class=""container"">

      <div class=""hero-unit"">
<img src=""g17342.png"" width=""100px"">
        <h2>Oops! (200) page @ espiv.net</h2>
<p>Καλωσήλθατε στον espiv.net. Το site που ψάχνετε δεν υπάρχει. Είτε έχει γίνει λάθος στη διεύθυνση ή κάτι περίεργο συμβαίνει. Ελέγξτε τη διεύθυνση ή <a href=""https://espiv.net/en/bug_report/"">καταχωρήστε ένα bug</a>. </p>
<p>Welcome to espiv.net. This site does'nt exist. Either you made a typo or something spooky is going on. Check your url or <a href=""https://espiv.net/en/bug_report/"">submit a bug</a>. </p>
      </div>

      <footer>
        <p>Your beloved radical tech collective <a href=""https://espiv.net"">Espiv.net</a></p>
      </footer>
    </div>
</body>
</html>
",['www.darpa.mil' 'getintra.org' 'sberbank.ru' 'wiktionary.org']
54.89.39.4,4,6157.25,0.0028258902336766112,0.9999995410466955,"['Content-Length: 5962', 'Content-Type: text/html; charset=utf-8', 'Date: Wed, 24 Mar 2021 23:21:49 GMT', 'Server: nginx', 'Vary: Accept-Encoding', 'X-Frame-Options: DENY', 'X-Server: PR-Suspensions7-43-249']<!DOCTYPE html>
<html xmlns=""http://www.w3.org/1999/xhtml"">
    <head>
        <base href=""/""/>
        <META NAME=""ROBOTS"" CONTENT=""NOINDEX, NOFOLLOW""/>
        <meta http-equiv=""Content-Type"" content=""text/html; charset=utf-8"" />
        <title>Home - domain expired</title>
        <!--<style type=""text/css"" media=""screen"">
        @import url(""_css/reset.css"");
        @import url(""_css/expiration.css"");
        </style>-->
        <link rel=""stylesheet"" href=""_css/reset.css""/>
        <link rel=""stylesheet"" href=""_css/expiration.css""/>
        <link rel=""stylesheet"" type=""text/css"" href=""http://fonts.googleapis.com/css?family=Open+Sans:300,300italic,400,400italic,600,600italic,700,700italic"">
            <link rel=""shortcut icon"" href=""favicon.ico"" type=""image/x-icon"" />
            <script src=""//ajax.googleapis.com/ajax/libs/jquery/1.10.1/jquery.min.js""></script>
            <script type=""text/javascript"" src=""_js/jcarousellite.min.js""></script>
            <script type=""text/javascript"" src=""_js/global.js""></script>
            <!--<script type=""text/javascript"" src=""_js/app.js""></script>-->
            <script>
                var dom_key = '';
                var cur_domain = '';/*
                 < ? if (has_registrar_reseller()) { ? >
                 var reseller = '';
                 < ? } else { ? >
                 var reseller = '';
                 < ? } ? >
                 var register_url = '';
                 */
            </script>
    </head>
    <body>
        <div id=""wrapper"">
            <div id=""header"">
                <div class=""heading"">
                    <a href=""http://www.go.co/register/?src=SuspensionPage&searchurl=videocampaign.co""><img class=""logo"" src=""_images/img-co-logo-no-tm.gif"" width=""50"" height=""50"" alt="".CO"" /></a>
                                    </div>

                <!--			<div class=""social-aux"">-->
                <!--			</div>-->
            </div> <!-- header ends -->
            <div id=""main-promo"">
                <div id=""main-promo-inner"">
                    <div id=""featured"">
                        <!--  -->
                        <h1><a href="""">videocampaign<span>.co</span></a></h1>
                    </div>

                    
<h3>This Domain is NOT Suspended Anymore</h3>
<p>
    This domain has all already been restored and not Suspended
    anymore.  If you are the registrant of the domain please update
    your nameservers so it resolves to your site. 
</p>
<p>&nbsp;</p>
<h3>Este Dominio Ya NO Esta Suspendido</h3>
<p>
    Este dominio ya fue restaurado y no est&aacute; suspendido.  Si usted es
    el titular por favor actualice los nameservers para que resuelva a
    su p&aacute;gina. 
</p>
</div>
</div> <!-- main-promo ends-->
<div id=""main-content"">
    <div class=""full-page"">

        <div class=""section"" id=""alt-domains-section"">
            <!--            <img src=""_images/img-suggesteddomains.gif"" width=""256"" height=""28"" alt=""Suggested Domains""/>-->
                    <div id=""search-container"" style=""display: block;  margin-left: auto;  margin-right: auto;float:none"">
                <p><strong>Search for your ideal .CO Web Address</strong><br/>Get it now before it's gone!</p>
                <form target=""_blank"" id=""search-form""
                      action=""https://www.go.co"">
                                                  <input type=""hidden"" name=""section"" value=""searchbox""/>
                        <div id=""domain-search-wrap""><input id=""domain-search"" name=""search_url"" type=""text""/>
                            <span id=""domain-search-mask"">.CO</span></div>
                                        <!--<a href=""javascript:void(0);"" id=""search-btn"">Search</a>-->
                    <input type=""submit"" value=""Search"" id=""search-btn""/>
                </form>
            </div>
            <!-- end search-container -->
        </div> <!-- end section -->
    </div><!-- end full page -->

                                        <div class=""homepage_url""><a href=""https://www.go.co""><img
                                    src=""/_images/Dropping_Domains_Landing_Page_en.jpg"" /></a></div>
                                    </div>

            </div> <!-- main-content ends -->
            <div id=""footer"">
                <div class=""share"">
                    &nbsp;
                </div>
                <div class=""footer-aux"">
                    <ul>
                        <li><a href=""https://www.go.co"">www.go.co</a></li>
                        <li class=""last""><a href=""http://www.cointernet.com.co"">www.cointernet.com.co</a></li>
                    </ul>
                    <ul class=""copyright"">
                        <li>Copyright 2021 .CO Internet S.A.S All rights reserved.</li>
                        <li><a href=""http://www.neustar.biz/legal"">Terms</a></li>
                        <li class=""last""><a href=""http://www.neustar.biz/privacy"">Privacy Policy</a></li>
                    </ul>
                </div>
            </div> <!-- footer ends -->

        </div> <!-- wrapper ends -->

        <script type=""text/javascript"">

            var _gaq = _gaq || [];
            _gaq.push(['_setAccount', 'UA-12529737-15']);
            _gaq.push(['_setDomainName', 'none']);
            _gaq.push(['_setAllowLinker', true]);
            _gaq.push(['_trackPageview']);

            (function () {
                var ga = document.createElement('script');
                ga.type = 'text/javascript';
                ga.async = true;
                ga.src = ('https:' == document.location.protocol ? 'https://ssl' : 'http://www') + '.google-analytics.com/ga.js';
                var s = document.getElementsByTagName('script')[0];
                s.parentNode.insertBefore(ga, s);
            })();

        </script>

    </body>
</html>",['videocampaign.co' 'www.betternet.co' 'tempo.co' 't.co']
18.214.196.255,4,6173.5,0.002973606503715205,0.9999995183272854,"['Content-Length: 5938', 'Content-Type: text/html; charset=UTF-8', 'Date: Wed, 24 Mar 2021 23:28:19 GMT', 'Server: nginx', 'Vary: Accept-Encoding', 'X-Cache: Hit', 'X-Frame-Options: DENY', 'X-Server: PR-Suspensions7-44-47']<!DOCTYPE html>
<html xmlns=""http://www.w3.org/1999/xhtml"">
    <head>
        <base href=""/""/>
        <META NAME=""ROBOTS"" CONTENT=""NOINDEX, NOFOLLOW""/>
        <meta http-equiv=""Content-Type"" content=""text/html; charset=utf-8"" />
        <title>Home - domain expired</title>
        <!--<style type=""text/css"" media=""screen"">
        @import url(""_css/reset.css"");
        @import url(""_css/expiration.css"");
        </style>-->
        <link rel=""stylesheet"" href=""_css/reset.css""/>
        <link rel=""stylesheet"" href=""_css/expiration.css""/>
        <link rel=""stylesheet"" type=""text/css"" href=""http://fonts.googleapis.com/css?family=Open+Sans:300,300italic,400,400italic,600,600italic,700,700italic"">
            <link rel=""shortcut icon"" href=""favicon.ico"" type=""image/x-icon"" />
            <script src=""//ajax.googleapis.com/ajax/libs/jquery/1.10.1/jquery.min.js""></script>
            <script type=""text/javascript"" src=""_js/jcarousellite.min.js""></script>
            <script type=""text/javascript"" src=""_js/global.js""></script>
            <!--<script type=""text/javascript"" src=""_js/app.js""></script>-->
            <script>
                var dom_key = '';
                var cur_domain = '';/*
                 < ? if (has_registrar_reseller()) { ? >
                 var reseller = '';
                 < ? } else { ? >
                 var reseller = '';
                 < ? } ? >
                 var register_url = '';
                 */
            </script>
    </head>
    <body>
        <div id=""wrapper"">
            <div id=""header"">
                <div class=""heading"">
                    <a href=""http://www.go.co/register/?src=SuspensionPage&searchurl=t.co""><img class=""logo"" src=""_images/img-co-logo-no-tm.gif"" width=""50"" height=""50"" alt="".CO"" /></a>
                                    </div>

                <!--			<div class=""social-aux"">-->
                <!--			</div>-->
            </div> <!-- header ends -->
            <div id=""main-promo"">
                <div id=""main-promo-inner"">
                    <div id=""featured"">
                        <!--  -->
                        <h1><a href="""">t<span>.co</span></a></h1>
                    </div>

                    
<h3>This Domain is NOT Suspended Anymore</h3>
<p>
    This domain has all already been restored and not Suspended
    anymore.  If you are the registrant of the domain please update
    your nameservers so it resolves to your site. 
</p>
<p>&nbsp;</p>
<h3>Este Dominio Ya NO Esta Suspendido</h3>
<p>
    Este dominio ya fue restaurado y no est&aacute; suspendido.  Si usted es
    el titular por favor actualice los nameservers para que resuelva a
    su p&aacute;gina. 
</p>
</div>
</div> <!-- main-promo ends-->
<div id=""main-content"">
    <div class=""full-page"">

        <div class=""section"" id=""alt-domains-section"">
            <!--            <img src=""_images/img-suggesteddomains.gif"" width=""256"" height=""28"" alt=""Suggested Domains""/>-->
                    <div id=""search-container"" style=""display: block;  margin-left: auto;  margin-right: auto;float:none"">
                <p><strong>Search for your ideal .CO Web Address</strong><br/>Get it now before it's gone!</p>
                <form target=""_blank"" id=""search-form""
                      action=""https://www.go.co"">
                                                  <input type=""hidden"" name=""section"" value=""searchbox""/>
                        <div id=""domain-search-wrap""><input id=""domain-search"" name=""search_url"" type=""text""/>
                            <span id=""domain-search-mask"">.CO</span></div>
                                        <!--<a href=""javascript:void(0);"" id=""search-btn"">Search</a>-->
                    <input type=""submit"" value=""Search"" id=""search-btn""/>
                </form>
            </div>
            <!-- end search-container -->
        </div> <!-- end section -->
    </div><!-- end full page -->

                                        <div class=""homepage_url""><a href=""https://www.go.co""><img
                                    src=""/_images/Dropping_Domains_Landing_Page_en.jpg"" /></a></div>
                                    </div>

            </div> <!-- main-content ends -->
            <div id=""footer"">
                <div class=""share"">
                    &nbsp;
                </div>
                <div class=""footer-aux"">
                    <ul>
                        <li><a href=""https://www.go.co"">www.go.co</a></li>
                        <li class=""last""><a href=""http://www.cointernet.com.co"">www.cointernet.com.co</a></li>
                    </ul>
                    <ul class=""copyright"">
                        <li>Copyright 2021 .CO Internet S.A.S All rights reserved.</li>
                        <li><a href=""http://www.neustar.biz/legal"">Terms</a></li>
                        <li class=""last""><a href=""http://www.neustar.biz/privacy"">Privacy Policy</a></li>
                    </ul>
                </div>
            </div> <!-- footer ends -->

        </div> <!-- wrapper ends -->

        <script type=""text/javascript"">

            var _gaq = _gaq || [];
            _gaq.push(['_setAccount', 'UA-12529737-15']);
            _gaq.push(['_setDomainName', 'none']);
            _gaq.push(['_setAllowLinker', true]);
            _gaq.push(['_trackPageview']);

            (function () {
                var ga = document.createElement('script');
                ga.type = 'text/javascript';
                ga.async = true;
                ga.src = ('https:' == document.location.protocol ? 'https://ssl' : 'http://www') + '.google-analytics.com/ga.js';
                var s = document.getElementsByTagName('script')[0];
                s.parentNode.insertBefore(ga, s);
            })();

        </script>

    </body>
</html>",['t.co' 'videocampaign.co' 'convertio.co' 'tempo.co']
3.81.194.60,4,6172.75,0.003016682102715333,0.9999995112904131,"['Content-Length: 5962', 'Content-Type: text/html; charset=UTF-8', 'Date: Wed, 24 Mar 2021 23:26:09 GMT', 'Server: nginx', 'Vary: Accept-Encoding', 'X-Cache: Hit', 'X-Frame-Options: DENY', 'X-Server: PR-Suspensions7-43-124']<!DOCTYPE html>
<html xmlns=""http://www.w3.org/1999/xhtml"">
    <head>
        <base href=""/""/>
        <META NAME=""ROBOTS"" CONTENT=""NOINDEX, NOFOLLOW""/>
        <meta http-equiv=""Content-Type"" content=""text/html; charset=utf-8"" />
        <title>Home - domain expired</title>
        <!--<style type=""text/css"" media=""screen"">
        @import url(""_css/reset.css"");
        @import url(""_css/expiration.css"");
        </style>-->
        <link rel=""stylesheet"" href=""_css/reset.css""/>
        <link rel=""stylesheet"" href=""_css/expiration.css""/>
        <link rel=""stylesheet"" type=""text/css"" href=""http://fonts.googleapis.com/css?family=Open+Sans:300,300italic,400,400italic,600,600italic,700,700italic"">
            <link rel=""shortcut icon"" href=""favicon.ico"" type=""image/x-icon"" />
            <script src=""//ajax.googleapis.com/ajax/libs/jquery/1.10.1/jquery.min.js""></script>
            <script type=""text/javascript"" src=""_js/jcarousellite.min.js""></script>
            <script type=""text/javascript"" src=""_js/global.js""></script>
            <!--<script type=""text/javascript"" src=""_js/app.js""></script>-->
            <script>
                var dom_key = '';
                var cur_domain = '';/*
                 < ? if (has_registrar_reseller()) { ? >
                 var reseller = '';
                 < ? } else { ? >
                 var reseller = '';
                 < ? } ? >
                 var register_url = '';
                 */
            </script>
    </head>
    <body>
        <div id=""wrapper"">
            <div id=""header"">
                <div class=""heading"">
                    <a href=""http://www.go.co/register/?src=SuspensionPage&searchurl=videocampaign.co""><img class=""logo"" src=""_images/img-co-logo-no-tm.gif"" width=""50"" height=""50"" alt="".CO"" /></a>
                                    </div>

                <!--			<div class=""social-aux"">-->
                <!--			</div>-->
            </div> <!-- header ends -->
            <div id=""main-promo"">
                <div id=""main-promo-inner"">
                    <div id=""featured"">
                        <!--  -->
                        <h1><a href="""">videocampaign<span>.co</span></a></h1>
                    </div>

                    
<h3>This Domain is NOT Suspended Anymore</h3>
<p>
    This domain has all already been restored and not Suspended
    anymore.  If you are the registrant of the domain please update
    your nameservers so it resolves to your site. 
</p>
<p>&nbsp;</p>
<h3>Este Dominio Ya NO Esta Suspendido</h3>
<p>
    Este dominio ya fue restaurado y no est&aacute; suspendido.  Si usted es
    el titular por favor actualice los nameservers para que resuelva a
    su p&aacute;gina. 
</p>
</div>
</div> <!-- main-promo ends-->
<div id=""main-content"">
    <div class=""full-page"">

        <div class=""section"" id=""alt-domains-section"">
            <!--            <img src=""_images/img-suggesteddomains.gif"" width=""256"" height=""28"" alt=""Suggested Domains""/>-->
                    <div id=""search-container"" style=""display: block;  margin-left: auto;  margin-right: auto;float:none"">
                <p><strong>Search for your ideal .CO Web Address</strong><br/>Get it now before it's gone!</p>
                <form target=""_blank"" id=""search-form""
                      action=""https://www.go.co"">
                                                  <input type=""hidden"" name=""section"" value=""searchbox""/>
                        <div id=""domain-search-wrap""><input id=""domain-search"" name=""search_url"" type=""text""/>
                            <span id=""domain-search-mask"">.CO</span></div>
                                        <!--<a href=""javascript:void(0);"" id=""search-btn"">Search</a>-->
                    <input type=""submit"" value=""Search"" id=""search-btn""/>
                </form>
            </div>
            <!-- end search-container -->
        </div> <!-- end section -->
    </div><!-- end full page -->

                                        <div class=""homepage_url""><a href=""https://www.go.co""><img
                                    src=""/_images/Dropping_Domains_Landing_Page_en.jpg"" /></a></div>
                                    </div>

            </div> <!-- main-content ends -->
            <div id=""footer"">
                <div class=""share"">
                    &nbsp;
                </div>
                <div class=""footer-aux"">
                    <ul>
                        <li><a href=""https://www.go.co"">www.go.co</a></li>
                        <li class=""last""><a href=""http://www.cointernet.com.co"">www.cointernet.com.co</a></li>
                    </ul>
                    <ul class=""copyright"">
                        <li>Copyright 2021 .CO Internet S.A.S All rights reserved.</li>
                        <li><a href=""http://www.neustar.biz/legal"">Terms</a></li>
                        <li class=""last""><a href=""http://www.neustar.biz/privacy"">Privacy Policy</a></li>
                    </ul>
                </div>
            </div> <!-- footer ends -->

        </div> <!-- wrapper ends -->

        <script type=""text/javascript"">

            var _gaq = _gaq || [];
            _gaq.push(['_setAccount', 'UA-12529737-15']);
            _gaq.push(['_setDomainName', 'none']);
            _gaq.push(['_setAllowLinker', true]);
            _gaq.push(['_trackPageview']);

            (function () {
                var ga = document.createElement('script');
                ga.type = 'text/javascript';
                ga.async = true;
                ga.src = ('https:' == document.location.protocol ? 'https://ssl' : 'http://www') + '.google-analytics.com/ga.js';
                var s = document.getElementsByTagName('script')[0];
                s.parentNode.insertBefore(ga, s);
            })();

        </script>

    </body>
</html>",['videocampaign.co' 't.co' 'tempo.co' 'www.betternet.co']
64.182.212.52,3,47664.0,0.0,1.0,"['Content-Length: 51752', 'Content-Type: text/html', 'Date: Wed, 24 Mar 2021 23:28:35 GMT', 'Server: Microsoft-IIS/8.5', 'X-Powered-By: ASP.NET']<html>
<head>
<meta http-equiv=""Content-Type"" content=""text/html; charset=utf-8"" />
<meta name=""google-site-verification"" content=""bjn8cre9cGA9zxtHWJIgq9-Tt0jT_7PPgTDV6yMJnRw"" />
<!-- Google Tag Manager -->
<script>(function(w,d,s,l,i){w[l]=w[l]||[];w[l].push({'gtm.start':
new Date().getTime(),event:'gtm.js'});var f=d.getElementsByTagName(s)[0],
j=d.createElement(s),dl=l!='dataLayer'?'&l='+l:'';j.async=true;j.src=
'https://www.googletagmanager.com/gtm.js?id='+i+dl;f.parentNode.insertBefore(j,f);
})(window,document,'script','dataLayer','GTM-5BDVR3S');</script>
<!-- End Google Tag Manager -->
<script>
  (function(i,s,o,g,r,a,m){i['GoogleAnalyticsObject']=r;i[r]=i[r]||function(){
  (i[r].q=i[r].q||[]).push(arguments)},i[r].l=1*new Date();a=s.createElement(o),
  m=s.getElementsByTagName(o)[0];a.async=1;a.src=g;m.parentNode.insertBefore(a,m)
  })(window,document,'script','https://www.google-analytics.com/analytics.js','ga');

  ga('create', 'UA-3420288-1', 'auto');
  ga('send', 'pageview');

</script>


<title>Arab Times :::: The largest Arab-American  newspaper in the United States</title>
<style>

.m_link { font-weight: bold; text-decoration: none; font-family: Arabic Transparent; color: #800000; font-size:18pt;}
.m_link:visited { font-weight: bold; text-decoration: none; font-family: Arabic Transparent; color: blue; font-size:18pt;}
.m_link:active { font-weight: bold; text-decoration: none; font-family: Arabic Transparent; color: #800000; font-size:18pt;}
.m_link:hover { font-weight: bold; font-family: Arabic Transparent; color: red; font-size:18pt;}

.a_link { text-decoration: none; color: #FFFFFF; font-weight: bold }
.a_link:visited {text-decoration: none; color: #FFFFFF; font-weight: bold }
.a_link:active {text-decoration: none; color: #FFFFFF; font-weight: bold }
.a_link:hover {text-decoration: none; color: ""Red""; font-weight: bold }


.article_link {
	font-weight:bold;
	color:blue;
	text-decoration:none;
	font-size:16px;
}

.author_name {
	color: red;
}

h1
	{margin-bottom:.0001pt;
	text-align:right;
	page-break-after:avoid;
	direction:rtl;
	unicode-bidi:embed;
	font-size:16.0pt;
	font-family:""Times New Roman"";
	font-weight:normal; margin-left:0cm; margin-right:0cm; margin-top:0cm}
</style>
<base target=""_self"" />
<meta name=""keywords"" content=""arabs, arabic, saudia arabia, arab news, elaph, jordan, alahram, osama, uae, syria, arabic books, books, arafat, alhayat, arab voice, iraq, osama fawzi, arab time, arab net, the arabs, arabian, arab world, arab american, the arab american, arabs in america, arab american newspaper, arabtimes, arab times, osama fawzy, art, aljazera, aljazerah, aljazera online, cairo, books, translatores, english arabic, talking electronic dictionary, language teacher, atlas, eaf430t, english arabic dictionary, arabic cassete, immigration, lottery, come to america, dv lottery, american lottery, dubai, palestine, gaza, hamas, zarkawi, zarqawi, laden, binladen, adc, cair, islam, islamic, moslem, newspapers, news, magazines, texas, conroe, zohair jaber, tojan, kuwit, sudan, qater, the arabs, arabia , albawabah, nassej, moheat, alqods, "" />
<script src=""Scripts/AC_RunActiveContent.js"" type=""text/javascript""></script>


<script src=""https://ajax.googleapis.com/ajax/libs/jquery/3.2.1/jquery.min.js""></script>
<!-- Latest compiled and minified CSS -->
<link rel=""stylesheet"" href=""https://maxcdn.bootstrapcdn.com/bootstrap/3.3.7/css/bootstrap.min.css"" integrity=""sha384-BVYiiSIFeK1dGmJRAkycuHAHRg32OmUcww7on3RYdg4Va+PmSTsz/K68vbdEjh4u"" crossorigin=""anonymous"" />

<!-- Optional theme -->
<link rel=""stylesheet"" href=""https://maxcdn.bootstrapcdn.com/bootstrap/3.3.7/css/bootstrap-theme.min.css"" integrity=""sha384-rHyoN1iRsVXV4nD0JutlnGaslCJuC7uwjduW9SVrLvRYooPp2bWYgmgJQIXwl/Sp"" crossorigin=""anonymous"" />

<!-- Latest compiled and minified JavaScript -->
<script src=""https://maxcdn.bootstrapcdn.com/bootstrap/3.3.7/js/bootstrap.min.js"" integrity=""sha384-Tc5IQib027qvyjSMfHjOMaLkfuWVxZxUPnCJA7l2mCWNIpG9mGCD8wGNIcPD7Txa"" crossorigin=""anonymous""></script>

<script src=""https://use.fontawesome.com/906c000364.js""></script>


<meta name=""Microsoft Border"" content=""none"" />
</head>

<body leftmargin=""5"" topmargin=""5"" bgproperties=""fixed"" rightmargin=""00"" bottommargin=""0"" marginwidth=""0"" marginheight=""0"" align="" center"">
<!-- Google Tag Manager (noscript) -->
<noscript><iframe src=""https://www.googletagmanager.com/ns.html?id=GTM-5BDVR3S""
height=""0"" width=""0"" style=""display:none;visibility:hidden""></iframe></noscript>
<!-- End Google Tag Manager (noscript) -->
<table  width=""100%"" cellspacing=""0"" cellpadding=""0"" style=""table-layout:fixed"">
	<tr>
		<td width=""125"" valign=""top"" bgcolor=""#008080"">
<table border=""0"" cellspacing=""0"" bgcolor=""white"" cellpadding=""0"" style=""table-layout:fixed;"" width=""100%"">
				<tr>
					<td  align=""center"" bgcolor=""#008080"" height=""27"" style=""border-style: solid; border-width: 1px; padding-left: 4px; padding-right: 4px; padding-top: 1px; padding-bottom: 1px"">
						<a href=""englishv/EV.htm"" style=""text-decoration: none; "">
						<font color=""#FFFFFF"">English&nbsp;Edition</font></a></td>
				</tr>
				<tr>
					<td align=""center"" bgcolor=""#008080"" height=""27"" style=""border-style: solid; border-width: 1px; padding-left: 4px; padding-right: 4px; padding-top: 1px; padding-bottom: 1px"">
						<font face=""Arabic Transparent"" color=""#FFFFFF"">
						<a class=""a_link"" href=""about/About.html""><b>
						<span style=""font-weight: 400"">About us</span></b></a></font>
					</td>
				</tr>
				<tr>
					<td align=""center"" bgcolor=""#008080"" height=""27"" style=""border-style: solid; border-width: 1px; padding-left: 4px; padding-right: 4px; padding-top: 1px; padding-bottom: 1px"">
						<a style=""text-decoration: none"" href=""advertising/rates.htm"">
						<font face=""Arabic Transparent"" color=""#FFFFFF"">Advertising</font></a>
					</td>
				</tr>
				<tr>
					<td align=""center"" bgcolor=""#008080"" height=""27"" style=""border-style: solid; border-width: 1px; padding-left: 4px; padding-right: 4px; padding-top: 1px; padding-bottom: 1px"">
						<span style=""text-decoration: none; "">
						<font color=""#FFFFFF"">
						<a href=""2010/43.html""><font color=""#FFFFFF"">
						<span style=""text-decoration: none"">Contact Us</span></font></a></font></span></td>
				</tr>
				<tr>
    <td  align=""center"" bgcolor=""#008080"" height=""27"" style=""border-style: solid; border-width: 1px; padding-left: 4px; padding-right: 4px; padding-top: 1px; padding-bottom: 1px"">
    <span style=""text-decoration: none"">
	<font face=""Arabic Transparent"" color=""#FFFFFF"">
	<font color=""#FFFFFF"">
	<a href=""http://portal.arabtime.com/""><span style=""text-decoration: none"">
	<font color=""#FFFFFF"">BLOGS</font></span></a></font></font></span></td>
              	</tr>

				<tr>
					<td  align=""center"" bgcolor=""#008080"" height=""27"" style=""border-style: solid; border-width: 1px; padding-left: 4px; padding-right: 4px; padding-top: 1px; padding-bottom: 1px"">
					<font color=""#FFFFFF""><a href=""reader/indexENGLISH.html"">
					<font color=""#FFFFFF"">
					<span style=""text-decoration: none"">Letters</span></font></a></font></td>
				</tr>
				<tr>
					<td  align=""center"" bgcolor=""#008080"" height=""27"" style=""border-style: solid; border-width: 1px; padding-left: 4px; padding-right: 4px; padding-top: 1px; padding-bottom: 1px"">
					<span style=""text-decoration: none"">
					<font color=""#FFFFFF"">
					<a href=""AAAA/july/150.html"">
					<font color=""#FFFFFF"">
					<span style=""text-decoration: none"">Hot Issues</span></font></a></font></span></td>
				</tr>
				<tr>
					<td  align=""center"" bgcolor=""#008080"" height=""27"" style=""border-style: solid; border-width: 1px; padding-left: 4px; padding-right: 4px; padding-top: 1px; padding-bottom: 1px"">
					<span style=""text-decoration: none""><font color=""#FFFFFF""><a href=""2010/06.html"">
					<font color=""#FFFFFF"">
					<span style=""text-decoration: none"">Articles</span></font></a></font></span></td>
				</tr>

				<tr>
					<td  align=""center"" bgcolor=""#008080"" height=""27"" style=""border-style: solid; border-width: 1px; padding-left: 4px; padding-right: 4px; padding-top: 1px; padding-bottom: 1px"">
					<span style=""text-decoration: none"">
					<font color=""#FFFFFF"">
					<a href=""Mixed/mixed9/doc53.html"">
					<font color=""#FFFFFF"">
					<span style=""text-decoration: none"">Terms of use</span></font></a></font></span></td>
				</tr>

				<tr>
					<td  align=""center"" bgcolor=""#008080"" height=""27"" style=""border-style: solid; border-width: 1px; padding-left: 4px; padding-right: 4px; padding-top: 1px; padding-bottom: 1px"">
					<span style=""text-decoration: none"">
					<font color=""#FFFFFF"">
					<a href=""AAAA/july/158.html"">
					<font color=""#FFFFFF"">
					<span style=""text-decoration: none"">Special</span></font></a></font></span></td>
				</tr>
				<tr>
					<td  align=""center"" bgcolor=""#008080"" height=""27"" style=""border-style: solid; border-width: 1px; padding-left: 4px; padding-right: 4px; padding-top: 1px; padding-bottom: 1px"">
					<span style=""text-decoration: none"">
					<font color=""#FFFFFF"">
					<a href=""AAAA/july/159.html"">
					<font color=""#FFFFFF"">
					<span style=""text-decoration: none"">Focus</span></font></a></font></span></td>
				</tr>
				<tr>
					<td  align=""center"" bgcolor=""#008080"" height=""27"" style=""border-style: solid; border-width: 1px; padding-left: 4px; padding-right: 4px; padding-top: 1px; padding-bottom: 1px"">
					<span style=""text-decoration: none"">
					<font color=""#FFFFFF"">
					<a href=""AAAA/july/160.html"">
					<font color=""#FFFFFF"">
					<span style=""text-decoration: none"">Encounter</span></font></a></font></span></td>
				</tr>
				<tr>
					<td  align=""center"" bgcolor=""#008080"" height=""27"" style=""border-style: solid; border-width: 1px; padding-left: 4px; padding-right: 4px; padding-top: 1px; padding-bottom: 1px"">
					<span style=""text-decoration: none"">
					<font color=""#FFFFFF"">
					<a href=""AAAA/july/161.html"">
					<font color=""#FFFFFF"">
					<span style=""text-decoration: none"">Reader&#39;s Cor</span></font></a></font></span></td>
				</tr>
				<tr>
					<td  align=""center"" bgcolor=""#008080"" height=""27"" style=""border-style: solid; border-width: 1px; padding-left: 4px; padding-right: 4px; padding-top: 1px; padding-bottom: 1px"">
					<span style=""text-decoration: none"">
					<font color=""#FFFFFF"">
					<a href=""AAAA/july/170.html"">
					<font color=""#FFFFFF"">
					<span style=""text-decoration: none"">Notes</span></font></a></font></span></td>
				</tr>
				<tr>
					<td  align=""center"" bgcolor=""#008080"" height=""27"" style=""border-style: solid; border-width: 1px; padding-left: 4px; padding-right: 4px; padding-top: 1px; padding-bottom: 1px"">
					<span style=""text-decoration: none"">
					<font color=""#FFFFFF"">
					<a href=""AAAA/july/149.html"">
					<font color=""#FFFFFF"">
					<span style=""text-decoration: none"">Feedback</span></font></a></font></span></td>
				</tr>
				<tr>
					<td  align=""center"" bgcolor=""#008080"" height=""27"" style=""border-style: solid; border-width: 1px; padding-left: 4px; padding-right: 4px; padding-top: 1px; padding-bottom: 1px"">
					<a href=""O.F/osama/FAWZI3.htm""><font color=""#FFFFFF"">
					<span style=""text-decoration: none"">Osama Fawzi</span></font></a></td>
				</tr>


<!--- 				<tr>
					<td  align=""center"" bgcolor=""#008080"" height=""27"" style=""border-style: solid; border-width: 1px; padding-left: 4px; padding-right: 4px; padding-top: 1px; padding-bottom: 1px"">
					<b><font color=""#FF0000"">ADS</font></b></td>
				</tr>
				<tr>
					<td  align=""center"" bgcolor=""#008080"" height=""27"" style=""border-style: solid; border-width: 1px; padding-left: 4px; padding-right: 4px; padding-top: 1px; padding-bottom: 1px"">
				<span lang=""ar-eg"">
                <img border=""0"" src=""O.F/osama2/AG00090_2[1].gif"" width=""35"" height=""36"" /></span></td>
				</tr> --->
			<tr>
				<td  align=""center"" bgcolor=""#008080"" height=""27"" style=""border-style: solid; border-width: 1px; padding-left: 4px; padding-right: 4px; padding-top: 1px; padding-bottom: 1px"">
					<a style=""text-decoration: none"" href=""2010/95.html"">
					<font color=""#FFFFFF"">Shipping</font></a>
				</td>
			</tr>

				<tr>
					<td  align=""center"" bgcolor=""#008080"" height=""27"" style=""border-style: solid; border-width: 1px; padding-left: 4px; padding-right: 4px; padding-top: 1px; padding-bottom: 1px"">
						<a href=""Daas/My_Ad.swf"" style=""text-decoration: none""><font color=""#FFFFFF"">
						Daas Services</font></a></td>
				</tr>
				<tr>
				<td  align=""center"" bgcolor=""#008080"" height=""27"" style=""border-style: solid; border-width: 1px; padding-left: 4px; padding-right: 4px; padding-top: 1px; padding-bottom: 1px"">
				<a href=""2010/99.html"">
				<font face=""Arabic Transparent"" color=""#FFFFFF"">
				<span style=""text-decoration: none"">
				<font color=""#FFFFFF"">
				</font></span></font></a><font face=""Arabic Transparent"" color=""#FFFFFF""><span style=""text-decoration: none""><font color=""#FFFFFF""><a href=""2011/24.html"" style=""text-decoration: none"">
				<font color=""#FFFFFF"">Travel Agent</font></a></font></span></font><a href=""2011/24.html"" style=""text-decoration: none""><font color=""#FFFFFF""></font></a></td>        
				</tr>


				<tr>
					<td height=""200"">
<script async src=""//pagead2.googlesyndication.com/pagead/js/adsbygoogle.js""></script>
<!-- Main 3 - Side Small Ad 120x100 -->
<ins class=""adsbygoogle""
     style=""display:inline-block;width:120px;height:100px""
     data-ad-client=""ca-pub-8333189710960632""
     data-ad-slot=""6181641306""></ins>
<script>
(adsbygoogle = window.adsbygoogle || []).push({});
</script>
					
					</td>
				</tr>
				<tr>
				<td align=""center"" bgcolor=""#008080"" style=""padding-left:20px;"">
				<br />
				&nbsp;				
				<br />
				<br />
				


    		</td>
        </tr>
				<tr>
				<td> </td>
				
				
				</tr>
			</table>			
		</td>
		<td valign=""top"">
			<table border=""0"" width=""100%"" cellspacing=""0"" style=""border-collapse: collapse; border-left: #008080 1px solid"" cellpadding=""4"" align=""center"">
					<tr>
						<td align=""center"">
							<table width=""100%"" style=""table-layout:fixed;"" border=""0"">
								<tr>
									<td align=""center"" width=""100"">
									<a href=""https://www.facebook.com/Arab-Times-204642546219717/"" target=""_new"">
											<i class=""fa fa-facebook-square fa-5x text-primary"" aria-hidden=""true""></i>
										</a>
										<br /><br />
									<a href=""https://twitter.com/arabtimes_"" target=""_new"">
											<i class=""fa fa-twitter-square  fa-5x text-info"" aria-hidden=""true""></i>
										</a>	
										</td>
									<td align=""center"">
										<div id=""logo"">
											<img border=""0"" src=""2010/LOOGO.jpg"" width=""210"" height=""173"" /><br />
											<p style=""font-weight:bold;font-size:14px;font-family:arial,verdana,sans-serif;"">
												<span style=""color:#008080;"">The largest Arab-American newspaper in the United States</span>
												<br />
												P.O.Box 2668 , Conroe TX 77305<br />
												(281) 799-0345<br />
											<a href=""mailto:arabtimesonline@yahoo.com"">arabtimesonline@yahoo.com</a>
											</p>										
										</div>
										</td>
										<td align=""center"" width=""100"">
										<a href=""https://www.youtube.com/channel/UCJ7SHoSNLGlvmTdNAJxBqbA"" target=""_new"">
											<i class=""fa fa-youtube-square fa-5x text-danger"" aria-hidden=""true""></i>
										</a>
										<br /><br />
										<a href=""https://en.wikipedia.org/wiki/Arab_Times_(United_States)"" target=""_new"">
											<img src=""http://vectorlogofree.com/wp-content/uploads/2014/02/24483-wikipedia-website-logo-on-black-rounded-square-background-icon-vector-icon-vector-eps.png"" width=""70"" height=""70"" />
										</a></td>
								</tr>
							</table>
						
						
						

						</td>
					</tr>
					<tr>
						<td align=""center"" height=""6"">
							<!--- <img border=""0"" src=""store/146[1].gif"" width=""468"" height=""60"" /> --->

								<!--- <script async src=""//pagead2.googlesyndication.com/pagead/js/adsbygoogle.js""></script> --->
								<!-- Main 1 - Top -->
								<ins class=""adsbygoogle""
										 style=""display:inline-block;width:728px;height:90px""
										 data-ad-client=""ca-pub-8333189710960632""
										 data-ad-slot=""8009908508""></ins>
								<script>
								(adsbygoogle = window.adsbygoogle || []).push({});
								</script>
						</td>
					</tr>
					<tr>
						<td align=""center"">

								<a href=""2010/95.html"">
									<img border=""0"" src=""store/shipping.jpg"" width=""468"" height=""60"" />
								</a>


							</td>
					</tr>
					<tr>
						<td width=""100%"" align=""center"" height=""22"" bgcolor="""">
	
	<script language=""javascript"" src=""portal/content/marquee_text.js""></script>		 
	<script language=""JavaScript1.2"" src=""portal/content/marquee.js""></script>     
	
						 <!--- <script language=""javascript"" src=""news/marquee.html""></script>		 
				<script language=""JavaScript1.2"" src=""zobala/marquee.js""></script> --->
	
					 &nbsp;</td>
					</tr>

					<tr>
						<td width=""100%"" align=""center"" height=""120"">
						<img src=""portal/cartoons/2338 Large Web view.jpg""  width=""640"" height=""247"">
						<br />
						&nbsp;</td>
					</tr>
					<tr>
						<td width=""100%"" align=""center"" height=""12"">
			<center>
			<!--- <script async src=""//pagead2.googlesyndication.com/pagead/js/adsbygoogle.js""></script> --->
			<!-- Main 2 - Bottom -->
			<ins class=""adsbygoogle""
					 style=""display:inline-block;width:728px;height:90px""
					 data-ad-client=""ca-pub-8333189710960632""
					 data-ad-slot=""5041155309""></ins>
			<script>
			(adsbygoogle = window.adsbygoogle || []).push({});
			</script>
			
			
			</center>		
						</td>
					</tr>
					<tr>
						<td width=""100%"" align=""center"" height=""82"">
						<br>
						<a href=""links/paper.html"">
						<img border=""0"" src=""all%20photo5/all%20the%20photo/NWSGLOW.GIF"" width=""130"" height=""31"" /></a><br />
						<a href=""links/paper.html"">
						<img border=""0"" src=""2015/2.jpg"" width=""150"" height=""60"" /></a></td>
					</tr>
					<tr>
						<td width=""100%"" align=""center"" height=""20"" bgcolor=""#FFFF00"">
						<font color=""#FF0000"" size=""5""><b>
						<img border=""0"" src=""O.F/osama2/AG00090_2[1].gif"" width=""35"" height=""36"" align=""middle"" />&nbsp;Arab Times Blogs&nbsp;<img border=""0"" src=""O.F/osama2/AG00090_2[1].gif"" width=""35"" height=""36"" align=""middle"" /><br />
						</b></font>
						<br />
						<b>Articles signed represent the opinions of their authors and do not 
						necessarily represent the policy of Arab Times<br />
						&nbsp;Comments are subject to the site&#39;s <font color=""#FF0000""> <a href=""Mixed/mixed9/doc53.html"">terms and conditions</a> of use</font></b>
						</td>
					</tr>
					<tr>
						<td width=""100%"" align=""center"" height=""18"" bgcolor=""#FFFFFF"">
						
<style>
.article_link {
	font-weight:bold;
	text-decoration:none;
	font-size:16px;
}

.author_name {
	color: red;
}
</style>

<p style=""margin-left: 0cm; margin-right: 0cm; margin-top: 0cm; margin-bottom: .0001pt"" dir=""rtl"" align=""right"">

	<a href=""../portal/article_display.cfm?ArticleID=45751"" class=""article_link"">
			* قواعدُ النّحوِ تثبت بالقطعِ والجزمِ أنّ حـظُّ الابنِ يساوي حـظَّ البنتِ بالتمام والكمال  <span class=""author_name"">عطية زاهدة</span> March 16, 2021
	</a><br>

	<a href=""../portal/article_display.cfm?ArticleID=45750"" class=""article_link"">
			* الدبلوماسية والمقاومة والانتخابات التشريعية الفلسطينية القادمة  <span class=""author_name"">د. كاظم ناصر</span> March 13, 2021
	</a><br>

	<a href=""../portal/article_display.cfm?ArticleID=45749"" class=""article_link"">
			* المؤامرة الكونية الماسونية الصهيونية .....وكيف استعملت الأساطير والأديان   <span class=""author_name"">د. سميح اسحق مدانات</span> March 13, 2021
	</a><br>

	<a href=""../portal/article_display.cfm?ArticleID=45748"" class=""article_link"">
			* حكومة ليبيا للترضية النفطية   <span class=""author_name"">سالم القماطي</span> March 13, 2021
	</a><br>

	<a href=""../portal/article_display.cfm?ArticleID=45746"" class=""article_link"">
			* كرسي المدير  <span class=""author_name"">حيدر محمد الوائلي</span> March 12, 2021
	</a><br>

	<a href=""../portal/article_display.cfm?ArticleID=45747"" class=""article_link"">
			*  hg       الجنة و النار  <span class=""author_name"">عبداللطيف عبداللطيف</span> March 12, 2021
	</a><br>

	<a href=""../portal/article_display.cfm?ArticleID=45743"" class=""article_link"">
			* أمريكا وإسرائيل تستغلان أزمة ولي العهد السعودي لابتزازه سياسيا واقتصاديا!  <span class=""author_name"">د. كاظم ناصر</span> March 12, 2021
	</a><br>

	<a href=""../portal/article_display.cfm?ArticleID=45739"" class=""article_link"">
			* انهيار المنظومة القومية العربية وتفككها  <span class=""author_name"">نضال نعيسة</span> March 12, 2021
	</a><br>

	<a href=""../portal/article_display.cfm?ArticleID=45745"" class=""article_link"">
			* أخــــــطـــــــــــاء شـــــــــائــعــــــــة / 90  <span class=""author_name"">رسمي السرابي</span> March 11, 2021
	</a><br>

	<a href=""../portal/article_display.cfm?ArticleID=45744"" class=""article_link"">
			*            رحلة للماصي  <span class=""author_name"">عبداللطيف عبداللطيف</span> March 10, 2021
	</a><br>

	<a href=""../portal/article_display.cfm?ArticleID=45741"" class=""article_link"">
			* الحزب العسكري الإسلامي الحاكم في موريتانيا يواصل سرق أضخم ثروات العالم في تيرس زمور   <span class=""author_name"">الموساوي موس ولد لولاد</span> March 10, 2021
	</a><br>

	<a href=""../portal/article_display.cfm?ArticleID=45735"" class=""article_link"">
			*  أهداف وتداعيات وثيقة الدليل الاستراتيجي المؤقت للأمن القومي الأمريكي  الجديدة   <span class=""author_name"">د. كاظم ناصر</span> March 9, 2021
	</a><br>

	<a href=""../portal/article_display.cfm?ArticleID=45738"" class=""article_link"">
			* همس الخواطر...القلم النحيف  <span class=""author_name"">كمال محمد</span> March 8, 2021
	</a><br>

	<a href=""../portal/article_display.cfm?ArticleID=45737"" class=""article_link"">
			*  إشكالية الهوية الدستورية منذ الخلافة العثمانية وحتى إتفاق الطائف  <span class=""author_name"">موسى الرضا</span> March 8, 2021
	</a><br>

	<a href=""../portal/article_display.cfm?ArticleID=45736"" class=""article_link"">
			* المؤامرة الكونية......من يريد أن يعريها ويفضح جرائمها فليقرأ البروتوكولات الصهيونية  <span class=""author_name"">د. سميح اسحق مدانات</span> March 8, 2021
	</a><br>

	<a href=""../portal/article_display.cfm?ArticleID=45734"" class=""article_link"">
			*                         لا تصلي  <span class=""author_name"">عبداللطيف عبداللطيف</span> March 7, 2021
	</a><br>

	<a href=""../portal/article_display.cfm?ArticleID=45726"" class=""article_link"">
			* الأنظمة الديموقراطية تحاكم قادتها الفاسدين والدكتاتوريات العربية تحمي الطغاة  <span class=""author_name"">د. كاظم ناصر</span> March 7, 2021
	</a><br>

	<a href=""../portal/article_display.cfm?ArticleID=45728"" class=""article_link"">
			* ماوراء حُسن النوايا  <span class=""author_name"">زهير الخطيب</span> March 7, 2021
	</a><br>

	<a href=""../portal/article_display.cfm?ArticleID=45733"" class=""article_link"">
			* رغمَ الأنوفِ لكلِّ الألوفِ: البنتُ كالابنِ حظّاً، حكماً منَ اللهِ الرؤوف  <span class=""author_name"">عطية زاهدة</span> March 7, 2021
	</a><br>

	<a href=""../portal/article_display.cfm?ArticleID=45732"" class=""article_link"">
			* أول ترجمة لأقدم نص سرياني لقصة أهل الكهف  <span class=""author_name"">موفق نيسكو</span> March 6, 2021
	</a><br>

	<a href=""../portal/article_display.cfm?ArticleID=45731"" class=""article_link"">
			* حيرة السائل في حكاية الكورونا والمعكرونة والفلافل  <span class=""author_name"">د. مراد آغا</span> March 5, 2021
	</a><br>

	<a href=""../portal/article_display.cfm?ArticleID=45730"" class=""article_link"">
			* الطريق  <span class=""author_name"">حيدر محمد الوائلي</span> March 5, 2021
	</a><br>

	<a href=""../portal/article_display.cfm?ArticleID=45729"" class=""article_link"">
			* الثالوث الأكبر  <span class=""author_name"">د. محمد توفيق المنصوري </span> March 3, 2021
	</a><br>

	<a href=""../portal/article_display.cfm?ArticleID=45727"" class=""article_link"">
			* الخلافات بين الولايات المتحدة وإيران تدفع سوريا إلى صراع جديد   <span class=""author_name"">نبيل أحمد</span> March 3, 2021
	</a><br>

	<a href=""../portal/article_display.cfm?ArticleID=45722"" class=""article_link"">
			* هل يهدف انتقاد إدارة بايدن للنظام السعودي إلى الإطاحة بمحمد بن سلمان؟  <span class=""author_name"">د. كاظم ناصر</span> March 2, 2021
	</a><br>

	<a href=""../portal/article_display.cfm?ArticleID=45723"" class=""article_link"">
			*  اخترعوا العَصَبة في المواريثِ فأدخلوا عِصاباتٍ تنهبُ حقوق الأنانيث  <span class=""author_name"">عطية زاهدة</span> February 28, 2021
	</a><br>

	<a href=""../portal/article_display.cfm?ArticleID=45721"" class=""article_link"">
			* المؤامرة الكونية...دراسات تحليلة سيكولوجية لفهم الدوافع والشذوذات النفسية لتاسيس العصابات السرية كالماسونيات وتوابع الصهيونية  <span class=""author_name"">د. سميح اسحق مدانات</span> February 27, 2021
	</a><br>

	<a href=""../portal/article_display.cfm?ArticleID=45720"" class=""article_link"">
			* نزوح العمالة الوافدة وانعكاساته السلبية على دول مجلس التعاون الخليجي  <span class=""author_name"">د. كاظم ناصر</span> February 24, 2021
	</a><br>

	<a href=""../portal/article_display.cfm?ArticleID=45719"" class=""article_link"">
			* فُصولُ إِمْرَأَةٍ !  <span class=""author_name"">احمد علي</span> February 24, 2021
	</a><br>

	<a href=""../portal/article_display.cfm?ArticleID=45718"" class=""article_link"">
			* حورية البحر   <span class=""author_name"">د. محمد توفيق المنصوري </span> February 24, 2021
	</a><br>

	<a href=""../portal/article_display.cfm?ArticleID=45708"" class=""article_link"">
			* هل ستنجح إيران في رفع الحصار وإفشال المخططات العدوانية الأمريكية الإسرائيلية العربية؟  <span class=""author_name"">د. كاظم ناصر</span> February 24, 2021
	</a><br>

	<a href=""../portal/article_display.cfm?ArticleID=45717"" class=""article_link"">
			* 	أكذوبة تصنيف جلوبال فاير باور بأن الجيش المصري والسعودي أقوى من الإسرائيلي!   <span class=""author_name"">راني ناصر</span> February 23, 2021
	</a><br>

	<a href=""../portal/article_display.cfm?ArticleID=45715"" class=""article_link"">
			* عودة مأرب الى حضن الوطن   <span class=""author_name"">فيصل الخليفي</span> February 22, 2021
	</a><br>

	<a href=""../portal/article_display.cfm?ArticleID=45714"" class=""article_link"">
			* علم المواريث الكلاسيكيّة هو في جلِّهِ افتراءاتٌ على اللهِ وبهتان لرسولِهِ  <span class=""author_name"">عطية زاهدة</span> February 22, 2021
	</a><br>

	<a href=""../portal/article_display.cfm?ArticleID=45711"" class=""article_link"">
			*  الكتاب المقدس ليس كتابَ تاريخٍ وجغرافية، يا قداسة البابا  <span class=""author_name"">موفق نيسكو</span> February 21, 2021
	</a><br>

	<a href=""../portal/article_display.cfm?ArticleID=45709"" class=""article_link"">
			* حازم أبوإسماعيل.. فارس السياسة الغائب  <span class=""author_name"">على بركات</span> February 21, 2021
	</a><br>

	<a href=""../portal/article_display.cfm?ArticleID=45707"" class=""article_link"">
			* امهات فخورات   <span class=""author_name"">محسن الصفار </span> February 20, 2021
	</a><br>

	<a href=""../portal/article_display.cfm?ArticleID=45706"" class=""article_link"">
			*         المذيع ثامر أمين  <span class=""author_name"">عبداللطيف عبداللطيف</span> February 19, 2021
	</a><br>

	<a href=""../portal/article_display.cfm?ArticleID=45705"" class=""article_link"">
			* تعكر حليب الحب  <span class=""author_name"">عبداللطيف عبداللطيف</span> February 18, 2021
	</a><br>

	<a href=""../portal/article_display.cfm?ArticleID=45704"" class=""article_link"">
			* ليرحم الربّ الصديقة دوريس ليون أغازريان  <span class=""author_name"">د. حسيب شحادة</span> February 17, 2021
	</a><br>

	<a href=""../portal/article_display.cfm?ArticleID=45703"" class=""article_link"">
			* 	أيّها الأزهر، إنّي أحلتُكَ على المعاش فليبكِ إمامُك الأكبر!!!ا   <span class=""author_name"">عطية زاهدة</span> February 17, 2021
	</a><br>

	<a href=""../portal/article_display.cfm?ArticleID=45701"" class=""article_link"">
			* هندسة صوتية   <span class=""author_name"">محسن الصفار </span> February 16, 2021
	</a><br>

	<a href=""../portal/article_display.cfm?ArticleID=45700"" class=""article_link"">
			*             ريف  <span class=""author_name"">عبداللطيف عبداللطيف</span> February 16, 2021
	</a><br>

	<a href=""../portal/article_display.cfm?ArticleID=45699"" class=""article_link"">
			* f       باى ايفانكا ترمب  <span class=""author_name"">عبداللطيف عبداللطيف</span> February 15, 2021
	</a><br>

	<a href=""../portal/article_display.cfm?ArticleID=45698"" class=""article_link"">
			* البروتوكول الصهيوني التاسع عشر ومناقشة التحليل النفسي لما ورد فيه من أفكار سيكوباثية  <span class=""author_name"">د. سميح اسحق مدانات</span> February 13, 2021
	</a><br>

	<a href=""../portal/article_display.cfm?ArticleID=45697"" class=""article_link"">
			*  تدجيلة أزهريّة: حظّ الذكر ضعفُ حظّ الأنثى هوَ الدلالةُ القطعيةُ لجملة للذكرِ مثلُ حظِّ الأنثييْنِ ا   <span class=""author_name"">عطية زاهدة</span> February 12, 2021
	</a><br>

	<a href=""../portal/article_display.cfm?ArticleID=45694"" class=""article_link"">
			*  فاتو بنسودا ...  صائدة الطغاة  الإفريقية التي تصدت لجرائم أمريكا وإسرائيل   <span class=""author_name"">د. كاظم ناصر</span> February 10, 2021
	</a><br>

	<a href=""../portal/article_display.cfm?ArticleID=45693"" class=""article_link"">
			* المقابلة ( قصة قصيرة )  <span class=""author_name"">د. محمد فؤاد منصور</span> February 10, 2021
	</a><br>

	<a href=""../portal/article_display.cfm?ArticleID=45692"" class=""article_link"">
			* غسل الخطايا  <span class=""author_name"">د. محمد توفيق المنصوري </span> February 10, 2021
	</a><br>

	<a href=""../portal/article_display.cfm?ArticleID=45686"" class=""article_link"">
			*   معارضة السعودية والامارات والبحرين لإحياء الاتفاق النووي الإيراني  <span class=""author_name"">د. كاظم ناصر</span> February 10, 2021
	</a><br>

	<a href=""../portal/article_display.cfm?ArticleID=45691"" class=""article_link"">
			* العدالة الاجتماعية   <span class=""author_name"">محسن الصفار </span> February 9, 2021
	</a><br>

	<a href=""../portal/article_display.cfm?ArticleID=45690"" class=""article_link"">
			*  ا      العالم الداخلى  <span class=""author_name"">عبداللطيف عبداللطيف</span> February 8, 2021
	</a><br>

	<a href=""../portal/article_display.cfm?ArticleID=45689"" class=""article_link"">
			* السلام المسلح  <span class=""author_name"">زهير الخطيب</span> February 8, 2021
	</a><br>

	<a href=""../portal/article_display.cfm?ArticleID=45688"" class=""article_link"">
			* خدش المبادئ !!  <span class=""author_name"">محيى الدين غريب</span> February 8, 2021
	</a><br>

	<a href=""../portal/article_display.cfm?ArticleID=45685"" class=""article_link"">
			*  نائب الرسول  <span class=""author_name"">عبداللطيف عبداللطيف</span> February 6, 2021
	</a><br>

	<a href=""../portal/article_display.cfm?ArticleID=45684"" class=""article_link"">
			* كنْ مع عرب تايمز تصلْكَ نسختُك  pdf""بي دي إفْ"" من كتاب مواريث عطية مجاناً  <span class=""author_name"">عطية زاهدة</span> February 4, 2021
	</a><br>

	<a href=""../portal/article_display.cfm?ArticleID=45680"" class=""article_link"">
			*                             العرب الأمريكيون .. نجاح تجاري وعلمي وفشل سياسي واجتماعي  <span class=""author_name"">د. كاظم ناصر</span> February 3, 2021
	</a><br>

	<a href=""../portal/article_display.cfm?ArticleID=45681"" class=""article_link"">
			* المؤامرة الكونية.......ما تزال تتوغل في المجتمعات بأساليبها الشيطانية وأعمالها الدنيئة.  <span class=""author_name"">د. سميح اسحق مدانات</span> February 2, 2021
	</a><br>

	<a href=""../portal/article_display.cfm?ArticleID=45679"" class=""article_link"">
			* البطرك ساكو يؤكِّد: يونان النبي (يونس)، أسطورة  <span class=""author_name"">موفق نيسكو</span> February 2, 2021
	</a><br>

	<a href=""../portal/article_display.cfm?ArticleID=45673"" class=""article_link"">
			* أأصعب 46 حصة تعذيب تعرضت لها بين 2003 و2020 و لم تدمرني كليا - الحصة رقم 17 في الرباط !  <span class=""author_name"">الموساوي موس ولد لولاد</span> February 2, 2021
	</a><br>

	<a href=""../portal/article_display.cfm?ArticleID=45677"" class=""article_link"">
			*  أيُّ الفريقيْنِ في ضلالٍ مبينٍ: الأزهرُ بكلّ شيوخِهِ أم عطية زاهدة وكلُّ فروخِهِ   <span class=""author_name"">عطية زاهدة</span> February 1, 2021
	</a><br>

	<a href=""../portal/article_display.cfm?ArticleID=45671"" class=""article_link"">
			* الوطن العربي بين انظمته السنية وإيران الشيعية  <span class=""author_name"">راني ناصر</span> January 31, 2021
	</a><br>

	<a href=""../portal/article_display.cfm?ArticleID=45670"" class=""article_link"">
			* إقامة الحدود على من نحسبهم أيقاظا وهم رقود !  <span class=""author_name"">احمد علي</span> January 31, 2021
	</a><br>

	<a href=""../portal/article_display.cfm?ArticleID=45668"" class=""article_link"">
			* مؤامرة على أطراف الغابة، والغابة أيضا!  <span class=""author_name"">احمد علي</span> January 31, 2021
	</a><br>

	<a href=""../portal/article_display.cfm?ArticleID=45669"" class=""article_link"">
			* كلهم في الموت عربا!  <span class=""author_name"">احمد علي</span> January 31, 2021
	</a><br>

	<a href=""../portal/article_display.cfm?ArticleID=45667"" class=""article_link"">
			* أحلام اليقظة واحلام المنام  <span class=""author_name"">د. محمد توفيق المنصوري </span> January 30, 2021
	</a><br>

	<a href=""../portal/article_display.cfm?ArticleID=45666"" class=""article_link"">
			* هكذا يتبدد المال العام الى جيوب أل الشيخ جوزيف ماء العينين في المغرب و موريتاني و الصحراء الغربية   <span class=""author_name"">الموساوي موس ولد لولاد</span> January 30, 2021
	</a><br>

	<a href=""../portal/article_display.cfm?ArticleID=45665"" class=""article_link"">
			* رحيل بلا وصل  <span class=""author_name"">احمد علي</span> January 29, 2021
	</a><br>

	<a href=""../portal/article_display.cfm?ArticleID=45664"" class=""article_link"">
			* نيابة عن قلم صديقي وأصالة عن قلمي  <span class=""author_name"">احمد علي</span> January 29, 2021
	</a><br>

	<a href=""../portal/article_display.cfm?ArticleID=45663"" class=""article_link"">
			* المؤامرة الكونية ...كيف نفهمها من خلال معادلة العدالة والخير والشر....متابعة المقالة السابقة  <span class=""author_name"">د. سميح اسحق مدانات</span> January 29, 2021
	</a><br>

	<a href=""../portal/article_display.cfm?ArticleID=45662"" class=""article_link"">
			* ميلاد سعيد   <span class=""author_name"">محسن الصفار </span> January 29, 2021
	</a><br>

	<a href=""../portal/article_display.cfm?ArticleID=45661"" class=""article_link"">
			* مسرحية نجمة الأحلام  <span class=""author_name"">مقبل الميلع</span> January 29, 2021
	</a><br>

	<a href=""../portal/article_display.cfm?ArticleID=45660"" class=""article_link"">
			* السلطة والفصائل والأحزاب الفلسطينية ومقاومة الاستيطان  <span class=""author_name"">د. كاظم ناصر</span> January 27, 2021
	</a><br>

	<a href=""../portal/article_display.cfm?ArticleID=45659"" class=""article_link"">
			* مساواة القرآن والنبيِّ العدنان بين حظوظ الذكران وحظوظ النسوان  <span class=""author_name"">عطية زاهدة</span> January 27, 2021
	</a><br>

	<a href=""../portal/article_display.cfm?ArticleID=45656"" class=""article_link"">
			* تغيير السائق لا يؤدي الى تغيير سكة القطار  <span class=""author_name"">مياح  غانم العنزي </span> January 26, 2021
	</a><br>

	<a href=""../portal/article_display.cfm?ArticleID=45655"" class=""article_link"">
			* دمعة أمريكا و فرحة  ديما:-   <span class=""author_name"">عبداللطيف عبداللطيف</span> January 26, 2021
	</a><br>

	<a href=""../portal/article_display.cfm?ArticleID=45654"" class=""article_link"">
			* يا ثالوث  ... أطلقها وتبتل   <span class=""author_name"">عبدالماجد  عيسى</span> January 26, 2021
	</a><br>

	<a href=""../portal/article_display.cfm?ArticleID=45653"" class=""article_link"">
			* ٢٥يناير وتاريخ ألثورات ألشعبية فى ألأسلام  <span class=""author_name"">يَوٌسِفُ الحسينى</span> January 26, 2021
	</a><br>

	<a href=""../portal/article_display.cfm?ArticleID=45652"" class=""article_link"">
			* تأملات في شخصيات الخلفاء الراشدين ..  <span class=""author_name"">طهراوي  رمضان</span> January 25, 2021
	</a><br>

	<a href=""../portal/article_display.cfm?ArticleID=45651"" class=""article_link"">
			* عينت الأمم المتحدة مبعوثًا خاصًا جديدًا لليبيا  <span class=""author_name"">نبيل أحمد</span> January 25, 2021
	</a><br>

</p>


		
	
						</td>
					</tr>
					<tr>
						<td width=""100%"" align=""center"" height=""20"">&nbsp;</td>
					</tr>
					<tr>
						<td width=""100%"" align=""center"" height=""20"" style=""border-style: outset; border-width: 1"">
	
						<p dir=""rtl""><a href=""2015/05.html"">
						<img border=""0"" src=""2015/ure33.JPG"" width=""393"" height=""53"" /></a></p></td>
					</tr>
						<tr>
							<td width=""100%"" align=""center"" height=""20"">
							<br /><br />
                                


							<!--- 20170624 Main Page top 1 - 320x50 --->
							<script type=""text/javascript"" language=""javascript"" src=""//c.amazon-adsystem.com/aax2/getads.js""></script>
							<script type=""text/javascript"" language=""javascript"">
								//<![CDATA[
									aax_getad_mpb({
										""slot_uuid"":""2846b312-5807-4499-9cc5-a668e0b540cc""
									});
								//]]>
							</script>
							</td>
						</tr>					
						<tr>
							<td width=""100%"" align=""center"" height=""10"" bgcolor=""#FFFF00"">&nbsp;
							</td>
						</tr>

						<tr>
							<td align=""center"">
								<a href=""http://www.arabtimes.com/portal/news.cfm"" style=""font-family:Arial, Helvetica, sans-serif; text-decoration:none"">
									<font size=""1"" color=""#000000"">Arab</font></a><font size=""1""> &nbsp;<u><font color=""#0000FF""><span style=""text-decoration: none""><a href=""http://www.arabtimes.com/portal/articles.cfm"" style=""text-decoration: none""><font color=""#000000"">Times</font></a></span></font></u></font><a href=""http://www.arabtimes.com/portal/articles.cfm"" style=""text-decoration: none""><font size=""1"" color=""#000000"">
								</font></a>
							</td>
						</tr>
					</table>
			
					
		</td>
		<td valign=""top"" width=""125"" bgcolor=""#008080"">
			<table width=""100%"" cellspacing=""0"" cellpadding=""0"" border=""2"" style=""border-collapse: collapse"" bordercolor=""#111111"">
  <tr>
    <td width=""100%"" align=""center"" bgcolor=""#008080"" height=""20"" style=""border-style: solid; border-width: 1"">
    <b>
    <font size=""4"" color=""#FFFF00"">
    <a target=""_self"" href=""/index.html""><font color=""#FFFF00"">Home Page</font></a></font></b></td>
  </tr>
  <tr>
    <td width=""100%"" align=""center"" bgcolor=""#FF00FF"" height=""1"" style=""border-style: solid; border-width: 1"">

    <a target=""_self"" href=""/advertising/rates.htm"">
    <img border=""0"" src=""/all%20photo5/all%20the%20photo/ads[1].gif"" width=""122"" height=""79"" /></a></td>
  </tr>
	<tr>
	<td>
				<form action=""https://www.paypal.com/cgi-bin/webscr"" method=""post"" target=""_top"">
<input type=""hidden"" name=""cmd"" value=""_s-xclick"" />
<input type=""hidden"" name=""hosted_button_id"" value=""DURLVMPCBFA8N"" />
<input type=""image"" src=""https://www.paypalobjects.com/en_US/i/btn/btn_donateCC_LG.gif"" border=""0"" name=""submit"" alt=""PayPal - The safer, easier way to pay online!"" />
<img alt="""" border=""0"" src=""https://www.paypalobjects.com/en_US/i/scr/pixel.gif"" width=""1"" height=""1"" />
</form>
	</td>
	</tr>
<!---   <tr>
    <td width=""100%"" align=""center"" bgcolor=""#008080"" height=""1"" style=""border-style: solid; border-width: 1"">
    <font face=""Arabic Transparent""><b>
    <a target=""_self"" href=""/Arabic%20Books/01.html""><font color=""#FFFFFF"">
	</font></a><font color=""#FFFFFF""><a target=""_self"" href=""/Cartona%20New/list.html""><font color=""#FFFFFF"">كتب 
    ممنوعة</font></a></font></b></font></td>
  </tr> --->
  <tr>
    <td width=""100%"" align=""center"" bgcolor=""#008080"" height=""8"" style=""border-style: solid; border-width: 1"">
    <b>
    <a target=""_self"" href=""/AAAA/ara%20horah/ara%20horah.html""><font size=""4"" color=""#FFFFFF"" face=""Arabic Transparent"">اراء حرة</font></a></b></td>
  </tr>
  <tr>
    <td width=""100%"" align=""center"" height=""16"" bgcolor=""#008080"" style=""border-style: solid; border-width: 1"">
    <b>
    <font face=""Arabic Transparent"" color=""#FFFFFF"">
	<a target=""_self"" href=""/2009/01.html""><font color=""#FFFFFF"">اخبار</font></a></font></b><a target=""_self"" href=""/2009/01.html""><span lang=""ar-eg""><b><font color=""#FFFFFF"" face=""Arabic Transparent""> 
    طازة</font></b></span></a></td>
  </tr>
  <tr>
    <td width=""100%"" align=""center"" height=""19"" bgcolor=""#008080"" style=""border-style: solid; border-width: 1"">
    <b>
	<font face=""Arabic Transparent"" color=""#FFFFFF"">
	<a target=""_self"" href=""/2010/barqeah.html""><font color=""#FFFFFF"">برقيات عاجلة</font></a></font></b></td>
  </tr>
  <tr>
    <td width=""100%"" align=""center"" height=""18"" bgcolor=""#008080"" style=""border-style: solid; border-width: 1"">
    <b><a target=""_self"" href=""/Mixed/mixed9/doc53.html""><font color=""#FFFFFF"">
	شروط النشر</font></a></b></td>
  </tr>
  <tr>
    <td width=""100%"" align=""center"" height=""17"" bgcolor=""#008080"" style=""border-style: solid; border-width: 1"">
    <font color=""#FFFFFF""><b><span lang=""ar-eg"">
    <a target=""_self"" href=""/fadiha/index.html"">
    <font color=""#FFFFFF"" face=""Arabic Transparent"">فضائح وفضائح</font></a></span></b></font></td>
  </tr>
  <tr>
    <td width=""100%"" align=""center"" height=""18"" bgcolor=""#008080"" style=""border-style: solid; border-width: 1""><b>
    <font color=""#FFFFFF""><span lang=""ar-eg"">
    <a target=""_self"" href=""/links/taza/Taza.html"">
    <font color=""#FFFFFF"" face=""Arabic Transparent"">خبر وتعليق</font></a></span></font></b></td>
  </tr>
  <tr>
    <td width=""100%"" align=""center"" height=""17"" bgcolor=""#008080"" style=""border-style: solid; border-width: 1"">
    <font color=""#FFFFFF""><b><span lang=""ar-eg"">
    <a target=""_self"" href=""/links/secrets/index.html"">
    <font color=""#FFFFFF"" face=""Arabic Transparent"">سري جدا</font></a></span></b></font></td>
  </tr>
  <tr>
    <td width=""100%"" align=""center"" height=""17"" bgcolor=""#008080"" style=""border-style: solid; border-width: 1"">
    <span lang=""ar-eg""><b><a target=""_self"" href=""/Mixed/matoo/indexx.html"">
    <font face=""Arabic Transparent"" color=""#FFFFFF"">لصوص ظرفاء</font></a></b></span></td>
  </tr>
  <tr>
    <td width=""100%"" align=""center"" height=""17"" bgcolor=""#008080"" style=""border-style: solid; border-width: 1"">
    <font color=""#FFFFFF""><b><span lang=""ar-eg"">
    <a target=""_self"" href=""/reader/Reader.htm"">
    <font color=""#FFFFFF"" face=""Arabic Transparent"">رسائل القراء</font></a></span></b></font></td>
  </tr>
  <tr>
    <td width=""100%"" align=""center"" height=""16"" bgcolor=""#008080"" style=""border-style: solid; border-width: 1"">
    <b><a target=""_self"" href=""/2015/09.html"">
	<font face=""Arabic Transparent"" color=""#FFFFFF"">من ارشيفنا</font></a></b></td>
  </tr>
  <tr>
    <td width=""100%"" align=""center"" height=""16"" bgcolor=""#008080"" style=""border-style: solid; border-width: 1"">
    <font color=""#FFFFFF"" size=""4""><b><span lang=""ar-eg"">
    <a target=""_self"" href=""/this%20man/man.html"">
    <font color=""#FFFFFF"" face=""Arabic Transparent"">هذا الرجل</font></a></span></b></font></td>
  </tr>
  <tr>
    <td width=""100%"" align=""center"" height=""18"" bgcolor=""#008080"" style=""border-style: solid; border-width: 1"">
    <font color=""#FFFFFF"" size=""4""><b><span lang=""ar-eg"">
    <a target=""_self"" href=""/this%20man/this%20women/woman.htm"">
    <font color=""#FFFFFF"" face=""Arabic Transparent"">هذه المرأة</font></a></span></b></font></td>
  </tr>
  <tr>
    <td width=""100%"" align=""center"" height=""17"" bgcolor=""#008080"" style=""border-style: solid; border-width: 1"">
    <b>
    <a href=""/bookforsale/Books5.html"">
    <font face=""Arabic Transparent"" color=""#FFFFFF"">
    </font>
    <font face=""Arabic Transparent"" color=""#FFFFFF"">
    </font>
    <font face=""Arabic Transparent"" color=""#FFFFFF"">
    </font></a><font face=""Arabic Transparent"" color=""#FFFFFF""><a target=""_self"" href=""/AAAA/ara%20horah/ara%20horah2.html""><font color=""#FFFFFF"">كتاب 
    البورتل</font></a></font></b></td>
  </tr>
  <tr>
    <td width=""100%"" align=""center"" height=""15"" bgcolor=""#008080"" style=""border-style: solid; border-width: 1"">
    <font color=""#FFFFFF""><b><span lang=""ar-eg"">
    <a target=""_self"" href=""/writer/writer.htm"">
    <font color=""#FFFFFF"" face=""Arabic Transparent"">
	</font></a><font color=""#FFFFFF"" face=""Arabic Transparent""><a target=""_self"" href=""/writer/writer.htm""><font color=""#FFFFFF"">كاتب وكتاب</font></a></font></span></b></font></td>
  </tr>
  <tr>
    <td width=""100%"" align=""center"" height=""16"" bgcolor=""#008080"" style=""border-style: solid; border-width: 1"">
    <font color=""#FFFFFF""><b><span lang=""ar-eg"">
    <a target=""_self"" href=""/poet/poet.htm"">
    <font color=""#FFFFFF"" face=""Arabic Transparent"">قصائد ممنوعة</font></a></span></b></font></td>
  </tr>
  <tr>
    <td width=""100%"" align=""center"" height=""16"" bgcolor=""#008080"" style=""border-style: solid; border-width: 1"">
    <span lang=""ar-eg""><b>
    <a target=""_self"" href=""/old%20articles/01.html"">
	<font color=""#FFFFFF"" face=""Arabic Transparent"">&nbsp;مقالات&nbsp; مميزة</font></a></b></span></td>
  </tr>
  <tr>
    <td width=""100%"" align=""center"" height=""16"" bgcolor=""#008080"" style=""border-style: solid; border-width: 1"">
    <font color=""#FFFFFF""><b>
	<a target=""left 1"" href=""/Ahmad%20Hassan/indexx.html"">
	<font color=""#FFFFFF"">قصائد المقدسي</font></a></b></font></td>
  </tr>
  <tr>
    <td width=""100%"" align=""center"" height=""18"" bgcolor=""#008080"" style=""border-style: solid; border-width: 1"">
    <font color=""#FFFFFF""><b><span lang=""ar-eg"">
    <a target=""_self"" href=""/links/paper.html"">
    <font color=""#FFFFFF"" face=""Arabic Transparent"">صحف عربية</font></a></span></b></font></td>
  </tr>
  <tr>
    <td width=""100%"" align=""center"" height=""17"" bgcolor=""#008080"" style=""border-style: solid; border-width: 1"">
    <b><a target=""left 1"" href=""/arab%20times%20eftetahyah/01.html"">
	<font face=""Arabic Transparent"" color=""#FFFFFF"">الافتتاحيات</font></a></b></td>
  </tr>
  <tr>
    <td width=""100%"" align=""center"" height=""16"" bgcolor=""#008080"" style=""border-style: solid; border-width: 1"">
    <font color=""#FFFFFF""><b><span lang=""ar-eg"">
    <a target=""_self"" href=""/sourakia/index.htm"">
    <font color=""#FFFFFF"" face=""Arabic Transparent"">مقالات ساخنة</font></a></span></b></font></td>
  </tr>
  <tr>
    <td width=""100%"" align=""center"" height=""19"" bgcolor=""#008080"" style=""border-style: solid; border-width: 1"">
    <span lang=""ar-eg""><b><a target=""_self"" href=""/Mixed/sabra1.html"">
    <font face=""Arabic Transparent"" color=""#FFFFFF"">صبرا وشاتيلا</font></a></b></span></td>
  </tr>
  <tr>
    <td width=""100%"" align=""center"" height=""19"" bgcolor=""#008080"" style=""border-style: solid; border-width: 1"">
    <span lang=""ar-eg""><b>
    <a target=""_self"" href=""/O.F/osama/FAWZI3.htm"">
    <font face=""Arabic Transparent"" color=""#FFFFFF"">أسامة فوزي</font></a></b></span></td>
  </tr>

  <tr>
    <td width=""100%"" align=""center"" height=""19"" bgcolor=""#008080"" style=""border-style: solid; border-width: 1"">
    <span lang=""ar-eg""><b>
    <a target=""_self"" href=""/old%20articles/01.html"">
	<font color=""#FFFFFF"" face=""Arabic Transparent"">&nbsp;مقالات الاولى</font></a></b></span></td>
  </tr>
	<tr>
		<td bgcolor=""#008080"">
			<br /><br /><br />
		</td>
	</tr>
  </table>
		</td>
	</tr>
</table>



</body>
</html>",['nssac.bii.virginia.edu' 'xero.com' 'www.uscg.mil']
38.117.1.51,3,4543.0,0.0,1.0,"['Content-Length: 4435', 'Content-Type: text/html', 'Date: Wed, 24 Mar 2021 23:27:49 GMT', 'Server: Apache']<html>
<head>
<title>www.KeptPrivate.com -  - secure email</title>
<meta http-equiv=""Content-Type"" content=""text/html;charset=iso-8859-1"" >
<meta http-equiv=""Content-Language"" content=""EN"" >
<META name=description content=""Secure email service with both Web and POP/IMAP access.  Private email with encrypted server storage."">
<META name=keywords content=""secure mail, secure, secure email, private email, secure mail services, business security, web email, email, SSL, pop, pop3, imap"">
<meta name=""robots"" content=""index, follow"" >
<style type=text/css>
<!--
body, layer { color: #000000; background-color: #FFFFFF; }
a {text-decoration:underline }
a:hover {text-decoration:underline; color: #FF0000 }
a.leftnav { text-decoration:underline; color: #464A7E}
a.leftnav:hover { text-decoration:underline; color: #FFFFFF }
-->
</style>
</head>
<body bgcolor=FFFFFF text=000000 link=0000cc vlink=0000cc alink=0000cc>

<!-- banner -->
<center>
<table cellpadding=0 cellspacing=0 border=0><tr>
<td>
<a href=http://www.keptprivate.com/><img src=/keptprivate.gif width=578 height=95 border=0></a>
</td>
<td valign=top>

<table cellpadding=5 cellspacing=5 border=0>
<tr><td bgcolor=464A7E align=center>
<table cellpadding=5 cellspacing=0 border=0>
<tr><td bgcolor=FFFFFF align=center>
<font face=geneva,arial,helvetica><b>
Your Source for<br>
Secure Private<br>
Communications!<br>
</b></font>
</td></tr></table>
</td></tr></table>

</td>
</tr></table>
</center>
<!-- end banner -->
<br>

<center>
<font face=geneva,arial,helvetica>Secure email that is reliable and easy to use.</font><br> <table cellpadding=0 cellspacing=0 border=0>
<tr><td colspan=2>
<table width=100% cellpadding=5 cellspacing=5 border=0>
<tr><td bgcolor=ABABAB align=center><font face=geneva,arial,helvetica color=FFFFFF><b>Welcome!</b></font>
</td></tr></table>
</td></tr>
<tr>
<td valign=top>
<table cellpadding=5 cellspacing=5 border=0>
<tr><td bgcolor=DCDCDC><font face=geneva,arial,helvetica size=+2>
<a href=/signup.php class=leftnav>Sign&nbsp;Up</a><font color=FF0000><i>!</i></font>
</font></td></tr>
<tr><td bgcolor=DCDCDC><font face=geneva,arial,helvetica size=+2>
<a href=/about.php class=leftnav>About&nbsp;Us</a><br>
</font></td></tr>
<tr><td bgcolor=DCDCDC><font face=geneva,arial,helvetica size=+2>
<a href=/faq.php class=leftnav>FAQ</a><br>
</font></td></tr>
<tr><td bgcolor=DCDCDC><font face=geneva,arial,helvetica size=+2>
<a href=/contact.php class=leftnav>Contact</a><br>
</font></td></tr>
<tr><td bgcolor=DCDCDC><font face=geneva,arial,helvetica size=+2>
<a href=/terms.php class=leftnav>Terms&nbsp;of&nbsp;Service</a><br>
</font></td></tr>
<tr><td bgcolor=DCDCDC><font face=geneva,arial,helvetica size=+2>
<a href=/privacy.php class=leftnav>Privacy</a><br>
</font></td></tr>
<tr><td bgcolor=DCDCDC><font face=geneva,arial,helvetica size=+2>
<a href=/disclaimer.php class=leftnav>Disclaimer</a><br>
</font></td></tr>
<tr><td bgcolor=DCDCDC><font face=geneva,arial,helvetica size=+2>
<a href=/links.php class=leftnav>Links</a><br>
</font></td></tr>
</table>
</td>
<td>
&nbsp;&nbsp;&nbsp;&nbsp;<a href=https://www.keptprivate.com/wmail/src/login.php><img src=signinX.gif border=0 width=200 height=77 alt=""Sign In""></a><br>
<br>
&nbsp;&nbsp;&nbsp;&nbsp;<a href=https://www.keptprivate.com/wmail/src/extcompose.php><img src=sendX.gif border=0 width=360 height=71 alt=""Send Private Message""></a><br>
</td>
</tr>
<tr><td colspan=2>
<table width=100% cellpadding=5 cellspacing=0 border=0>
<tr><td align=center><hr></td></tr>
<tr><td align=center>
<font face=geneva,arial,helvetica>&copy; 2021 KeptPrivate Inc.</font>
</td></tr></table>
</td></tr>
<tr><td colspan=2>
<table width=100% cellpadding=5 cellspacing=0 border=1>
<tr><td align=center>
<b>
Enjoy the benefits of Web Email with the
same security as online banking.<br></b>
<br>
<table  cellpadding=5 cellspacing=0><tr><td>
&nbsp;&nbsp;<b><font color=FF0000>What you get:</font></b><br>
&nbsp;&nbsp;&nbsp;&nbsp;<b>&#183;</b> One Secure Email Account.<br>
&nbsp;&nbsp;&nbsp;&nbsp;<b>&#183;</b> Full Featured Web Email over SSL.<br>
&nbsp;&nbsp;&nbsp;&nbsp;<b>&#183;</b> POP / IMAP and SMTP all over SSL.<br>
&nbsp;&nbsp;&nbsp;&nbsp;<b>&#183;</b> 100 MB of Storage Space.<br>
&nbsp;&nbsp;&nbsp;&nbsp;<b>&#183;</b> Works great on iPhone and Android.<br>
</td></tr></table>
<br>

&nbsp;&nbsp;<b>Just $10.00 for 3 Months<i>!</i></b><br>
		
</td></tr></table>
</td></tr>
</table>
</center>
</body>

</html>
",['www.afrc.af.mil' 'www.nato.int' 'dmm.com']
